/**
*   meta
*/

INSERT INTO WAS.WAS_ROLE
    (`CODE`, `NAME`)
VALUES
    ('ROOT', '루트'),
    ('OPER', '그룹장'),
    ('USER', '사용자')
;

INSERT INTO WAS.WAS_USER
    (`ID`, `ROLE_CODE`, `PASSWD`, `CREATE_DATE`)
VALUES
    ('root', 'ROOT', 'e26d8defcdcccab2ecf6b3fe11bdccabfc5d981d', DATE_FORMAT(SYSDATE(), "%Y%m%d%H%m%s"))
;

INSERT INTO WAS.WAS_GROUP
    (`ID`, `NAME`, `DESCRIPTION`, `DEFAULT`)
VALUES
    ('62b3fa2f-f3f5-4f88-a6de-dfef48c5c37a', 'Default Group', NULL, 'true')
;

INSERT INTO WAS.WAS_USER_FIELD
    (`ID`, `TYPE`, `MAX_LENGTH`, `REQUIRED`, `USED`, `LIST_DISPLAY`, `ORDER`)
VALUES
    ('id', 'TEXT', NULL, 'true', 'true', 'true', '0'),
    ('password', 'TEXT', NULL, 'true', 'true', 'false', '1'),
    ('confirm_password', 'TEXT', NULL, 'true', 'true', 'false', '2'),
    ('name', 'TEXT', NULL, 'false', 'true', 'true', '3'),
    ('role', 'LIST', NULL, 'true', 'true', 'true', '4'),
    ('group', 'LIST', NULL, 'true', 'true', 'true', '5'),
    ('phone', 'TEXT', NULL, 'false', 'true', 'false', '6'),
    ('email', 'TEXT', NULL, 'false', 'true', 'true', '7'),
    ('description', 'TEXT', NULL, 'false', 'true', 'true', '8')
;

INSERT INTO WAS.WAS_USER_FIELD_L10N
    (`USER_FIELD_ID`, `LOCALE`, `TYPE`, `VALUE`)
VALUES
    ('id', 'ko', 'FIELD_NAME', '아이디'),
    ('id', 'en', 'FIELD_NAME', 'ID'),
    ('id', 'zh', 'FIELD_NAME', 'ID'),
    ('id', 'ja', 'FIELD_NAME', 'ユーザ名'),
    ('password', 'ko', 'FIELD_NAME', '비밀번호'),
    ('password', 'en', 'FIELD_NAME', 'Password'),
    ('password', 'zh', 'FIELD_NAME', '密码'),
    ('password', 'ja', 'FIELD_NAME', 'パスワード'),
    ('confirm_password', 'ko', 'FIELD_NAME', '비밀번호 확인'),
    ('confirm_password', 'en', 'FIELD_NAME', 'Repeat password'),
    ('confirm_password', 'zh', 'FIELD_NAME', '重复输入密码'),
    ('confirm_password', 'ja', 'FIELD_NAME', 'パスワードの確認'),
    ('name', 'ko', 'FIELD_NAME', '이름'),
    ('name', 'en', 'FIELD_NAME', 'Name'),
    ('name', 'zh', 'FIELD_NAME', '名称'),
    ('name', 'ja', 'FIELD_NAME', '名前'),
    ('role', 'ko', 'FIELD_NAME', '역할'),
    ('role', 'en', 'FIELD_NAME', 'Role'),
    ('role', 'zh', 'FIELD_NAME', '角色'),
    ('role', 'ja', 'FIELD_NAME', '役割'),
    ('group', 'ko', 'FIELD_NAME', '그룹'),
    ('group', 'en', 'FIELD_NAME', 'Group'),
    ('group', 'zh', 'FIELD_NAME', '组'),
    ('group', 'ja', 'FIELD_NAME', 'グループ'),
    ('phone', 'ko', 'FIELD_NAME', '전화번호'),
    ('phone', 'en', 'FIELD_NAME', 'Phone Number'),
    ('phone', 'zh', 'FIELD_NAME', '电话号码'),
    ('phone', 'ja', 'FIELD_NAME', '電話番号'),
    ('email', 'ko', 'FIELD_NAME', '이메일'),
    ('email', 'en', 'FIELD_NAME', 'Email'),
    ('email', 'zh', 'FIELD_NAME', '电子邮件'),
    ('email', 'ja', 'FIELD_NAME', 'メール'),
    ('description', 'ko', 'FIELD_NAME', '설명'),
    ('description', 'en', 'FIELD_NAME', 'Description'),
    ('description', 'zh', 'FIELD_NAME', '描述'),
    ('description', 'ja', 'FIELD_NAME', '説明')
;

/**
*   IRIS-Web-Platform
*/

INSERT INTO WAS.WAS_ACCESS_RIGHTS (ID, CATEGORY, `TYPE`, `VALUE`)
VALUES ('34cadf29-17c6-4c9b-a09e-357199b57421', 'MENU', 'GROUP', '62b3fa2f-f3f5-4f88-a6de-dfef48c5c37a'),
       ('37fde498-d769-4065-9bbe-9e59db43bff2', 'MENU', 'GROUP', '62b3fa2f-f3f5-4f88-a6de-dfef48c5c37a'),
       ('3bea1cff-f50a-4ef2-9ba4-6b8d4bd3eec8', 'MENU', 'GROUP', '62b3fa2f-f3f5-4f88-a6de-dfef48c5c37a'),
       ('49a2110d-eef4-4ec3-bbea-2ed197e834f3', 'MENU', 'GROUP', '62b3fa2f-f3f5-4f88-a6de-dfef48c5c37a'),
       ('64cd40f3-ccb6-4243-aa76-5f6ddcd28b6a', 'MENU', 'GROUP', '62b3fa2f-f3f5-4f88-a6de-dfef48c5c37a'),
       ('68a3891c-118b-4662-9bc7-ab9e76c2d663', 'MENU', 'GROUP', '62b3fa2f-f3f5-4f88-a6de-dfef48c5c37a'),
       ('70041d13-bba6-40aa-9915-560befd7d66a', 'MENU', 'GROUP', '62b3fa2f-f3f5-4f88-a6de-dfef48c5c37a'),
       ('85197f60-abc1-11ea-92f1-3d1262104431', 'MENU', 'GROUP', '62b3fa2f-f3f5-4f88-a6de-dfef48c5c37a'),
       ('8b0bf2b8-a6f0-44a8-a439-4712e83c2523', 'MENU', 'GROUP', '62b3fa2f-f3f5-4f88-a6de-dfef48c5c37a'),
       ('ad9c75db-ac93-4abd-9d38-2831f979f4e9', 'MENU', 'GROUP', '62b3fa2f-f3f5-4f88-a6de-dfef48c5c37a'),
       ('b4a96add-eb77-4a0b-a4f0-72f774b24f5a', 'MENU', 'GROUP', '62b3fa2f-f3f5-4f88-a6de-dfef48c5c37a'),
       ('c0e9cab0-8f59-11ea-a25f-312c439ae98b', 'MENU', 'GROUP', '62b3fa2f-f3f5-4f88-a6de-dfef48c5c37a'),
       ('c5c2192e-15cc-4e25-9dec-03d7abae7a21', 'MENU', 'GROUP', '62b3fa2f-f3f5-4f88-a6de-dfef48c5c37a'),
       ('d2e57611-a2db-4c37-8bc8-aaf517e1abee', 'MENU', 'GROUP', '62b3fa2f-f3f5-4f88-a6de-dfef48c5c37a'),
       ('eb85cec4-6c02-4605-b082-9ea2af6b3df5', 'MENU', 'GROUP', '62b3fa2f-f3f5-4f88-a6de-dfef48c5c37a'),
       ('f277504d-721a-44d3-828a-f26a9823e203', 'MENU', 'GROUP', '62b3fa2f-f3f5-4f88-a6de-dfef48c5c37a'),
       ('f72fcfcd-f497-44ba-a9de-44f1b84846b8', 'MENU', 'GROUP', '62b3fa2f-f3f5-4f88-a6de-dfef48c5c37a'),
       ('faa2a81c-1f68-4afd-85b8-2d73e24c6949', 'MENU', 'GROUP', '62b3fa2f-f3f5-4f88-a6de-dfef48c5c37a'),
       ('c05d8a3b-5263-4817-a96c-a12b8e878101', 'MENU', 'GROUP', 'EVERYONE'),
       ('c05d8a3b-5263-4817-a96c-a12b8e878103', 'MENU', 'GROUP', 'EVERYONE'),
       ('c05d8a3b-5263-4817-a96c-a12b8e878104', 'MENU', 'GROUP', 'EVERYONE'),
       ('c05d8a3b-5263-4817-a96c-a12b8e878105', 'MENU', 'GROUP', 'EVERYONE'),
       ('c05d8a3b-5263-4817-a96c-a12b8e878106', 'MENU', 'GROUP', 'EVERYONE');

INSERT INTO WAS.WAS_WEB_MENU_GROUP (`ID`, `ICON`, `TYPE`, `LOGO`, `SEQ`, `FIRST_PAGE`, `VISIBLE`, `SERVICE_TYPE`)
VALUES ('c05d8a3b-5263-4817-a96c-a12b8e878101', NULL, NULL, NULL, NULL, NULL, 'true', 'dashboard'),
       ('c05d8a3b-5263-4817-a96c-a12b8e878102', NULL, NULL, NULL, NULL, NULL, 'true', 'management'),
       ('c05d8a3b-5263-4817-a96c-a12b8e878103', 'filter', NULL, NULL, '3', NULL, 'true', NULL),
       ('c05d8a3b-5263-4817-a96c-a12b8e878104', 'dashboard', NULL, NULL, '1', NULL, 'true', NULL),
       ('c05d8a3b-5263-4817-a96c-a12b8e878105', 'dashboard-chart', NULL, NULL, '2', NULL, 'true', NULL),
       ('c05d8a3b-5263-4817-a96c-a12b8e878106', 'chart-multitype', NULL, NULL, '4', NULL, 'true', NULL);

INSERT INTO WAS.WAS_WEB_MENU (`ID`, `PARENT`, `DEPTH`, `SEQ`, `VISIBLE`, `SERVICE_TYPE`, `SERVICE_ID`, `SERVICE_ROUTE`, `SERVICE_URL`, `FIRST_PAGE`, `ICON`)
VALUES ('34cadf29-17c6-4c9b-a09e-357199b57421', 'c05d8a3b-5263-4817-a96c-a12b8e878104', '0', '1', 'true', 'internal', 'sherman', 'search', NULL, 'false', NULL),
       ('37fde498-d769-4065-9bbe-9e59db43bff2', 'c05d8a3b-5263-4817-a96c-a12b8e878102', '0', '1', 'true', 'internal', 'sherman', 'job', NULL, 'false', NULL),
       ('3bea1cff-f50a-4ef2-9ba4-6b8d4bd3eec8', 'ad9c75db-ac93-4abd-9d38-2831f979f4e9', '1', '2', 'true', 'internal', 'meta', 'group', NULL, 'false', NULL),
       ('49a2110d-eef4-4ec3-bbea-2ed197e834f3', 'c05d8a3b-5263-4817-a96c-a12b8e878104', '0', '2', 'true', 'internal', 'sherman', 'pivot', NULL, 'false', NULL),
       ('64cd40f3-ccb6-4243-aa76-5f6ddcd28b6a', 'ad9c75db-ac93-4abd-9d38-2831f979f4e9', '1', '3', 'true', 'internal', 'meta', 'sign-up', NULL, 'false', NULL),
       ('68a3891c-118b-4662-9bc7-ab9e76c2d663', 'c05d8a3b-5263-4817-a96c-a12b8e878106', '0', '3', 'true', 'internal', 'ext-manager', 'zeppelin', NULL, 'false', NULL),
       ('70041d13-bba6-40aa-9915-560befd7d66a', 'c05d8a3b-5263-4817-a96c-a12b8e878103', '0', '2', 'true', 'internal', 'sherman', 'datamodel', NULL, 'false', NULL),
       ('85197f60-abc1-11ea-92f1-3d1262104431', 'c05d8a3b-5263-4817-a96c-a12b8e878103', '0', '3', 'true', 'internal', 'sherman', 'conn-info', NULL, 'false', NULL),
       ('874ba593-45d2-4eab-94eb-aa781684c14f', 'ad9c75db-ac93-4abd-9d38-2831f979f4e9', '1', '4', 'true', 'internal', 'meta', 'audit-log', NULL, 'false', NULL),
       ('8b0bf2b8-a6f0-44a8-a439-4712e83c2523', 'ad9c75db-ac93-4abd-9d38-2831f979f4e9', '1', '1', 'true', 'internal', 'meta', 'account', NULL, 'false', NULL),
       ('ad9c75db-ac93-4abd-9d38-2831f979f4e9', 'c05d8a3b-5263-4817-a96c-a12b8e878102', '0', '2', 'true', 'none', NULL, NULL, NULL, 'false', NULL),
       ('b4a96add-eb77-4a0b-a4f0-72f774b24f5a', 'c05d8a3b-5263-4817-a96c-a12b8e878101', '0', '1', 'true', 'internal', 'dashboard', 'dashboard', NULL, 'true', NULL),
       ('c0e9cab0-8f59-11ea-a25f-312c439ae98b', 'c05d8a3b-5263-4817-a96c-a12b8e878105', '0', '1', 'true', 'internal', 'iris-studio-service', 'studio-list', NULL, 'false', NULL),
       ('c5c2192e-15cc-4e25-9dec-03d7abae7a21', 'c05d8a3b-5263-4817-a96c-a12b8e878106', '0', '1', 'true', 'internal', 'ext-manager', 'jupyter', NULL, 'false', NULL),
       ('d2e57611-a2db-4c37-8bc8-aaf517e1abee', 'c05d8a3b-5263-4817-a96c-a12b8e878104', '0', '5', 'true', 'internal', 'sherman', 'visual', NULL, 'false', NULL),
       ('eb85cec4-6c02-4605-b082-9ea2af6b3df5', 'c05d8a3b-5263-4817-a96c-a12b8e878104', '0', '3', 'true', 'internal', 'sherman', 'adv', NULL, 'false', NULL),
       ('f277504d-721a-44d3-828a-f26a9823e203', 'c05d8a3b-5263-4817-a96c-a12b8e878106', '0', '2', 'true', 'internal', 'ext-manager', 'rstudio', NULL, 'false', NULL),
       ('f72fcfcd-f497-44ba-a9de-44f1b84846b8', 'c05d8a3b-5263-4817-a96c-a12b8e878103', '0', '1', 'true', 'internal', 'hdfs-browser', 'hdfs-browser', NULL, 'false', NULL),
       ('faa2a81c-1f68-4afd-85b8-2d73e24c6949', 'c05d8a3b-5263-4817-a96c-a12b8e878104', '0', '4', 'true', 'internal', 'sherman', 'anomaly', NULL, 'false', NULL),
       ('s05d8a3b-5263-4817-a96c-a12b8e878101', 'c05d8a3b-5263-4817-a96c-a12b8e878102', '0', '3', 'true', 'self', NULL, NULL, '/hallinto/menu-management', 'false', NULL),
       ('3e5ec5c0-890d-11ea-8188-a578ba63264a', 'c05d8a3b-5263-4817-a96c-a12b8e878102', '0', '5', 'true', 'self', NULL, NULL, '/hallinto/status', 'false', NULL),
       ('4183a6d0-90ec-11ea-ad66-d5d176ff4370', 'c05d8a3b-5263-4817-a96c-a12b8e878102', '0', '7', 'true', 'self', NULL, NULL, '/hallinto/custom-login', 'false', NULL),
       ('9b505000-8d3f-11eb-a4b7-911fde01545b', 'c05d8a3b-5263-4817-a96c-a12b8e878102', '0', '8', 'true', 'none', NULL, NULL, NULL, 'false', NULL),
       ('56c41a00-ef70-11eb-8b4d-71f62ff41e76', '9b505000-8d3f-11eb-a4b7-911fde01545b', '1', '1', 'true', 'self', NULL, NULL, '/hallinto/config/iwp', 'false', NULL),
       ('0f343150-0bce-11ec-910e-698610b535b3', '9b505000-8d3f-11eb-a4b7-911fde01545b', '1', '2', 'true', 'self', NULL, NULL, '/hallinto/config/analyzer', 'false', NULL),
       ('1e3e0e60-d7e8-11eb-aa5e-279fee4336fe', '9b505000-8d3f-11eb-a4b7-911fde01545b', '1', '2', 'true', 'self', NULL, NULL, '/hallinto/config/studio', 'false', NULL),
       ('9e0ac160-ef71-11eb-84d3-d14d545500a6', '9b505000-8d3f-11eb-a4b7-911fde01545b', '1', '3', 'true', 'self', NULL, NULL, '/hallinto/config/ima', 'false', NULL);

INSERT INTO WAS.WAS_WEB_MENU_LOCALIZATION (`MENU_ID`, `LOCALE`, `NAME`, `TYPE`)
VALUES ('b4a96add-eb77-4a0b-a4f0-72f774b24f5a', 'ko', '대시보드', 'NAME'),
       ('b4a96add-eb77-4a0b-a4f0-72f774b24f5a', 'en', 'Dashboard', 'NAME'),
       ('34cadf29-17c6-4c9b-a09e-357199b57421', 'ko', '검색', 'NAME'),
       ('34cadf29-17c6-4c9b-a09e-357199b57421', 'en', 'Search', 'NAME'),
       ('49a2110d-eef4-4ec3-bbea-2ed197e834f3', 'ko', '피벗 분석', 'NAME'),
       ('49a2110d-eef4-4ec3-bbea-2ed197e834f3', 'en', 'Pivot', 'NAME'),
       ('eb85cec4-6c02-4605-b082-9ea2af6b3df5', 'ko', '시각화', 'NAME'),
       ('eb85cec4-6c02-4605-b082-9ea2af6b3df5', 'en', 'Visualize', 'NAME'),
       ('faa2a81c-1f68-4afd-85b8-2d73e24c6949', 'ko', '이상탐지', 'NAME'),
       ('faa2a81c-1f68-4afd-85b8-2d73e24c6949', 'en', 'Detect anomaly', 'NAME'),
       ('70041d13-bba6-40aa-9915-560befd7d66a', 'ko', '데이터 모델', 'NAME'),
       ('70041d13-bba6-40aa-9915-560befd7d66a', 'en', 'Data model', 'NAME'),
       ('85197f60-abc1-11ea-92f1-3d1262104431', 'ko', '연결정보', 'NAME'),
       ('85197f60-abc1-11ea-92f1-3d1262104431', 'en', 'Connection Infomation', 'NAME'),
       ('d2e57611-a2db-4c37-8bc8-aaf517e1abee', 'ko', '분석 템플릿', 'NAME'),
       ('d2e57611-a2db-4c37-8bc8-aaf517e1abee', 'en', 'Anlaysis templates', 'NAME'),
       ('f72fcfcd-f497-44ba-a9de-44f1b84846b8', 'ko', '파일 브라우저', 'NAME'),
       ('f72fcfcd-f497-44ba-a9de-44f1b84846b8', 'en', 'File Browser', 'NAME'),
       ('c5c2192e-15cc-4e25-9dec-03d7abae7a21', 'ko', 'Jupyter', 'NAME'),
       ('c5c2192e-15cc-4e25-9dec-03d7abae7a21', 'en', 'Jupyter', 'NAME'),
       ('f277504d-721a-44d3-828a-f26a9823e203', 'ko', 'RStudio', 'NAME'),
       ('f277504d-721a-44d3-828a-f26a9823e203', 'en', 'RStudio', 'NAME'),
       ('68a3891c-118b-4662-9bc7-ab9e76c2d663', 'ko', 'Zeppelin', 'NAME'),
       ('68a3891c-118b-4662-9bc7-ab9e76c2d663', 'en', 'Zeppelin', 'NAME'),
       ('ad9c75db-ac93-4abd-9d38-2831f979f4e9', 'ko', '사용자 관리', 'NAME'),
       ('ad9c75db-ac93-4abd-9d38-2831f979f4e9', 'en', 'User Management', 'NAME'),
       ('8b0bf2b8-a6f0-44a8-a439-4712e83c2523', 'ko', '사용자 계정', 'NAME'),
       ('8b0bf2b8-a6f0-44a8-a439-4712e83c2523', 'en', 'User Account', 'NAME'),
       ('3bea1cff-f50a-4ef2-9ba4-6b8d4bd3eec8', 'ko', '그룹', 'NAME'),
       ('3bea1cff-f50a-4ef2-9ba4-6b8d4bd3eec8', 'en', 'Group', 'NAME'),
       ('37fde498-d769-4065-9bbe-9e59db43bff2', 'ko', '작업 조회', 'NAME'),
       ('37fde498-d769-4065-9bbe-9e59db43bff2', 'en', 'Job List', 'NAME'),
       ('64cd40f3-ccb6-4243-aa76-5f6ddcd28b6a', 'ko', '회원가입', 'NAME'),
       ('64cd40f3-ccb6-4243-aa76-5f6ddcd28b6a', 'en', 'Sign Up', 'NAME'),
       ('874ba593-45d2-4eab-94eb-aa781684c14f', 'ko', '감사 로그', 'NAME'),
       ('874ba593-45d2-4eab-94eb-aa781684c14f', 'en', 'Audit Log', 'NAME'),
       ('c0e9cab0-8f59-11ea-a25f-312c439ae98b', 'ko', '보고서', 'NAME'),
       ('c0e9cab0-8f59-11ea-a25f-312c439ae98b', 'en', 'Report', 'NAME'),
       ('c05d8a3b-5263-4817-a96c-a12b8e878101', 'ko', '대시보드', 'NAME'),
       ('c05d8a3b-5263-4817-a96c-a12b8e878101', 'en', 'Dashboard', 'NAME'),
       ('c05d8a3b-5263-4817-a96c-a12b8e878102', 'ko', '관리', 'NAME'),
       ('c05d8a3b-5263-4817-a96c-a12b8e878102', 'en', 'Management', 'NAME'),
       ('c05d8a3b-5263-4817-a96c-a12b8e878103', 'ko', 'Discovery', 'NAME'),
       ('c05d8a3b-5263-4817-a96c-a12b8e878103', 'en', 'Discovery', 'NAME'),
       ('c05d8a3b-5263-4817-a96c-a12b8e878104', 'ko', 'Analyzer', 'NAME'),
       ('c05d8a3b-5263-4817-a96c-a12b8e878104', 'en', 'Analyzer', 'NAME'),
       ('c05d8a3b-5263-4817-a96c-a12b8e878105', 'ko', 'Studio', 'NAME'),
       ('c05d8a3b-5263-4817-a96c-a12b8e878105', 'en', 'Studio', 'NAME'),
       ('c05d8a3b-5263-4817-a96c-a12b8e878106', 'ko', 'Playground', 'NAME'),
       ('c05d8a3b-5263-4817-a96c-a12b8e878106', 'en', 'Playground', 'NAME'),
       ('s05d8a3b-5263-4817-a96c-a12b8e878101', 'ko', '메뉴 관리', 'NAME'),
       ('s05d8a3b-5263-4817-a96c-a12b8e878101', 'en', 'Menu management', 'NAME'),
       ('3e5ec5c0-890d-11ea-8188-a578ba63264a', 'ko', 'Status', 'NAME'),
       ('3e5ec5c0-890d-11ea-8188-a578ba63264a', 'en', 'Status', 'NAME'),
       ('4183a6d0-90ec-11ea-ad66-d5d176ff4370', 'ko', '로그인 페이지 관리', 'NAME'),
       ('4183a6d0-90ec-11ea-ad66-d5d176ff4370', 'en', 'Login page management', 'NAME'),
       ('9b505000-8d3f-11eb-a4b7-911fde01545b', 'ko', '환경설정', 'NAME'),
       ('9b505000-8d3f-11eb-a4b7-911fde01545b', 'en', 'Config Setting', 'NAME'),
       ('56c41a00-ef70-11eb-8b4d-71f62ff41e76', 'ko', '기본설정', 'NAME'),
       ('56c41a00-ef70-11eb-8b4d-71f62ff41e76', 'en', 'Basic setting', 'NAME'),
       ('0f343150-0bce-11ec-910e-698610b535b3', 'ko', 'Analyzer 설정', 'NAME'),
       ('0f343150-0bce-11ec-910e-698610b535b3', 'en', 'Analyzer Setting', 'NAME'),
       ('1e3e0e60-d7e8-11eb-aa5e-279fee4336fe', 'ko', 'Studio 설정', 'NAME'),
       ('1e3e0e60-d7e8-11eb-aa5e-279fee4336fe', 'en', 'Studio Setting', 'NAME'),
       ('9e0ac160-ef71-11eb-84d3-d14d545500a6', 'ko', 'MAP Analyzer 설정', 'NAME'),
       ('9e0ac160-ef71-11eb-84d3-d14d545500a6', 'en', 'MAP Analyzer setting', 'NAME');

-- 환경 설정

INSERT INTO WAS.WAS_IWP_CONFIG_VALUE (`KEY`, `DEFAULT_VALUE`, `VALUE`)
VALUES ('common.api-key.google-analytics', NULL, NULL),
       ('common.api-key.leaflet', NULL, NULL),
       ('common.api-key.mapbox', NULL, NULL),
       ('common.api-key.naver', NULL, NULL),
       ('common.api-key.ngii', NULL, NULL),
       ('common.auth.encrypt-passwd-algorithm', 'SHA-1', 'SHA-1'),
       ('common.license.ag-grid',
        'CompanyName=MOBIGEN CO.,LTD.,LicensedApplication=IRIS,LicenseType=SingleApplication,LicensedConcurrentDeveloperCount=5,LicensedProductionInstancesCount=10,AssetReference=AG-016980,ExpiryDate=27_July_2022_[v2]_MTY1ODg3NjQwMDAwMA==3e7c9eb84793d1f79afbeb155a412f96',
        'CompanyName=MOBIGEN CO.,LTD.,LicensedApplication=IRIS,LicenseType=SingleApplication,LicensedConcurrentDeveloperCount=5,LicensedProductionInstancesCount=10,AssetReference=AG-016980,ExpiryDate=27_July_2022_[v2]_MTY1ODg3NjQwMDAwMA==3e7c9eb84793d1f79afbeb155a412f96'),
       ('common.server.angora', 'http://angora-svc:6036/angora', 'http://angora-svc:6036/angora'),
       ('common.server.brick', 'http://brick-svc:8080', 'http://brick-svc:8080'),
       ('common.server.docker', 'http://docker-svc', 'http://docker-svc'),
       ('common.server.meta', 'http://meta-svc:8080/meta', 'http://meta-svc:8080/meta'),
       ('ima.map.basemap-items.ngii.0.enabled', 'true', 'true'),
       ('ima.map.basemap-items.ngii.0.name', '국토정보플랫폼 맵 (ngii)', '국토정보플랫폼 맵 (ngii)'),
       ('ima.map.basemap-items.ngii.0.options', '{
   "layer": "korean_map",
   "style": "korean",
   "tilematrixset": "korean",
   "attribution": "<img style=\\"width:96px; height:16px; margin-left:5px;\\" src=\\"http://map.ngii.go.kr/img/process/ms/map/common/img_btoLogo3.png\\">"
}', '{
   "layer": "korean_map",
   "style": "korean",
   "tilematrixset": "korean",
   "attribution": "<img style=\\"width:96px; height:16px; margin-left:5px;\\" src=\\"http://map.ngii.go.kr/img/process/ms/map/common/img_btoLogo3.png\\">"
}'),
       ('ima.map.basemap-items.ngii.0.url', 'http://map.ngii.go.kr/openapi/Gettile.do', 'http://map.ngii.go.kr/openapi/Gettile.do'),
       ('ima.map.basemap-items.osm.0.enabled', 'true', 'true'),
       ('ima.map.basemap-items.osm.0.name', 'Open Street Map (Standard)', 'Open Street Map (Standard)'),
       ('ima.map.basemap-items.osm.0.url', 'http://{s}.tile.openstreetmap.org/{z}/{x}/{y}.png', 'http://{s}.tile.openstreetmap.org/{z}/{x}/{y}.png'),
       ('ima.map.basemap-items.selected', 'osm', 'osm'),
       ('ima.map.basemap-items.url.enabled', 'true', 'true'),
       ('ima.map.basemap-items.url.value', NULL, NULL),
       ('ima.map.basemap-items.vworld.0.enabled', 'true', 'true'),
       ('ima.map.basemap-items.vworld.0.name', 'Vworld (Normal)', 'Vworld (Normal)'),
       ('ima.map.basemap-items.vworld.0.url', 'http://xdworld.vworld.kr:8080/2d/Base/service/{z}/{x}/{y}.png', 'http://xdworld.vworld.kr:8080/2d/Base/service/{z}/{x}/{y}.png'),
       ('ima.map.basemap-items.vworld.1.enabled', 'true', 'true'),
       ('ima.map.basemap-items.vworld.1.name', 'Vworld (Gray)', 'Vworld (Gray)'),
       ('ima.map.basemap-items.vworld.1.url', 'http://xdworld.vworld.kr:8080/2d/gray/service/{z}/{x}/{y}.png', 'http://xdworld.vworld.kr:8080/2d/gray/service/{z}/{x}/{y}.png'),
       ('ima.map.basemap-items.vworld.2.enabled', 'true', 'true'),
       ('ima.map.basemap-items.vworld.2.name', 'Vworld (Satellite)', 'Vworld (Satellite)'),
       ('ima.map.basemap-items.vworld.2.url', 'http://xdworld.vworld.kr:8080/2d/Satellite/service/{z}/{x}/{y}.jpeg', 'http://xdworld.vworld.kr:8080/2d/Satellite/service/{z}/{x}/{y}.jpeg'),
       ('ima.map.map-modules.leaflet.enabled', 'true', 'true'),
       ('ima.map.map-modules.mapbox.enabled', 'true', 'true'),
       ('iris.analytics-enabled', 'false', 'false'),
       ('iris.auth.rsa-enabled', 'true', 'true'),
       ('iris.display.logout-button-enable', 'true', 'true'),
       ('iris.display.logout-popup-enable', 'false', 'false'),
       ('iris.display.setting-button-enable', 'true', 'true'),
       ('iris.display.sing-up-mode', 'true', 'true'),
       ('iris.display.user-info-enable', 'true', 'true'),
       ('iris.display.user-info-form', '|id|||', '|id|||'),
       ('iris.locale', 'ko', 'ko'),
       ('iris.login.enabled', 'true', 'true'),
       ('iris.login.max-faile-count', '5', '5'),
       ('iris.login.unlock-time', '30', '30'),
       ('iris.redirect-list', '/play-ground&:9010', '/play-ground&:9010'),
       ('iris.root-url', '/', '/'),
       ('iris.root.password', NULL, NULL),
       ('iris.security.cors.allowed-headers', '*', '*'),
       ('iris.security.cors.allowed-methods', 'POST', 'POST'),
       ('iris.security.cors.allowed-origins', '*', '*'),
       ('iris.security.cors.pattern', '/auth/authenticate/**', '/auth/authenticate/**'),
       ('iris.security.iframe-option', 'same-origin', 'same-origin'),
       ('iris.sso.enabled', 'false', 'false'),
       ('iris.sso.redirect-url', NULL, NULL),
       ('analyzer.map.ngii.url', 'http://map.ngii.go.kr/openapi/Gettile.do', 'http://map.ngii.go.kr/openapi/Gettile.do'),
       ('analyzer.map.osm.url', 'http://{s}.tile.openstreetmap.org/{z}/{x}/{y}.png', 'http://{s}.tile.openstreetmap.org/{z}/{x}/{y}.png'),
       ('analyzer.map.setting.center', '35.95,128.25', '35.95,128.25'),
       ('analyzer.map.setting.zoom', '7', '7'),
       ('analyzer.map.support-types', 'leaflet,ngii,naver', 'leaflet,ngii,naver'),
       ('studio.analytics.enabled', 'false', 'false'),
       ('studio.map.ngii.url', 'http://map.ngii.go.kr/openapi/Gettile.do', 'http://map.ngii.go.kr/openapi/Gettile.do'),
       ('studio.map.osm.url', 'http://{s}.tile.openstreetmap.org/{z}/{x}/{y}.png', 'http://{s}.tile.openstreetmap.org/{z}/{x}/{y}.png'),
       ('studio.map.setting.center', '35.95,128.25', '35.95,128.25'),
       ('studio.map.setting.zoom', '7', '7'),
       ('studio.map.support-types', 'leaflet,ngii,naver', 'leaflet,ngii,naver');

INSERT INTO WAS.WAS_IWP_CONFIG_SETTING (`KEY`, `CATEGORY`, `SUB_CATEGORY`, `FIRST_SEQ`, `FIRST_TYPE`, `FIRST_NAME`, `SECOND_SEQ`, `SECOND_NAME`, `TOOLTIP`, `THIRD_SEQ`, `THIRD_TYPE`, `THIRD_NAME`)
VALUES ('iris.locale', 'iwp', 'GENERAL', '1', NULL, 'LOCALE', '1', 'LOCALE_SELECTION', NULL, NULL, 'locale', NULL),
       ('iris.analytics-enabled', 'iwp', 'GENERAL', '2', NULL, 'ANALYTICS', '1', 'USEABLE', NULL, NULL, 'radio', NULL),
       ('iris.redirect-list', 'iwp', 'GENERAL', '3', NULL, 'URL_REDIRECT', '1', NULL, NULL, NULL, 'input', NULL),
       ('iris.display.sing-up-mode', 'iwp', 'GENERAL', '4', NULL, 'SING_UP', '1', 'USEABLE', NULL, NULL, 'radio', NULL),
       ('iris.auth.rsa-enabled', 'iwp', 'GENERAL', '6', NULL, 'PASS_ENCRYPT', '1', 'USEABLE', NULL, NULL, 'radio', NULL),
       ('iris.login.enabled', 'iwp', 'GENERAL', '7', NULL, 'LOGIN_LOCK', '1', 'USEABLE', NULL, NULL, 'radio', NULL),
       ('iris.login.max-faile-count', 'iwp', 'GENERAL', '7', NULL, 'LOGIN_LOCK', '2', 'FAILE_COUNT', NULL, NULL, 'input', NULL),
       ('iris.login.unlock-time', 'iwp', 'GENERAL', '7', NULL, 'LOGIN_LOCK', '3', 'UNLOCK_TIME', NULL, NULL, 'input', NULL),
       ('iris.display.logout-button-enable', 'iwp', 'GENERAL', '8', NULL, 'LOG_OUT', '1', 'USEABLE', NULL, NULL, 'radio', NULL),
       ('iris.display.logout-popup-enable', 'iwp', 'GENERAL', '8', NULL, 'LOG_OUT', '2', 'LOGOUT_CLOSE', NULL, NULL, 'radio', NULL),
       ('iris.display.user-info-enable', 'iwp', 'GENERAL', '9', NULL, 'USER_INFOR', '1', 'USEABLE', NULL, NULL, 'radio', NULL),
       ('iris.display.user-info-form', 'iwp', 'GENERAL', '9', NULL, 'USER_INFOR', '2', 'USER_DISPLAY', NULL, NULL, 'user-form', NULL),
       ('iris.display.setting-button-enable', 'iwp', 'GENERAL', '10', NULL, 'SETTING_BTN', '1', 'USEABLE', NULL, NULL, 'radio', NULL),
       ('iris.root.password', 'iwp', 'GENERAL', '11', 'password', 'ROOT', '1', NULL, NULL, NULL, NULL, NULL),
       ('common.auth.encrypt-passwd-algorithm', 'iwp', 'GENERAL', '5', NULL, 'DB_ENCRYPT', '1', 'ALGORITHM', NULL, NULL, 'input', NULL),
       ('common.license.ag-grid', 'iwp', 'GENERAL', '12', NULL, 'LICENSE', '1', 'AG GRID', NULL, NULL, 'input', NULL),
       ('common.api-key.google-analytics', 'iwp', 'GENERAL', '13', NULL, 'API_KEY', '1', 'GOOGLE ANALYTICS', NULL, NULL, 'input', NULL),
       ('common.api-key.leaflet', 'iwp', 'GENERAL', '13', NULL, 'API_KEY', '2', 'LEAFLET', NULL, NULL, 'input', NULL),
       ('common.api-key.mapbox', 'iwp', 'GENERAL', '13', NULL, 'API_KEY', '3', 'MAPBOX', NULL, NULL, 'input', NULL),
       ('common.api-key.ngii', 'iwp', 'GENERAL', '13', NULL, 'API_KEY', '4', 'NGII', NULL, NULL, 'input', NULL),
       ('common.api-key.naver', 'iwp', 'GENERAL', '13', NULL, 'API_KEY', '5', 'NAVER', NULL, NULL, 'input', NULL),
       ('common.server.angora', 'iwp', 'SYSTEM', '1', NULL, 'SERVER', '1', 'ANGORA', NULL, NULL, 'input', NULL),
       ('common.server.brick', 'iwp', 'SYSTEM', '1', NULL, 'SERVER', '2', 'BRICK', NULL, NULL, 'input', NULL),
       ('common.server.docker', 'iwp', 'SYSTEM', '1', NULL, 'SERVER', '3', 'DOCKER', NULL, NULL, 'input', NULL),
       ('common.server.meta', 'iwp', 'SYSTEM', '1', NULL, 'SERVER', '4', 'META', NULL, NULL, 'input', NULL),
       ('iris.root-url', 'iwp', 'SYSTEM', '2', NULL, 'LOG_OUT', '1', 'LOGOUT_MOVE', NULL, NULL, 'input', NULL),
       ('iris.sso.enabled', 'iwp', 'SYSTEM', '3', NULL, 'SSO', '1', 'USEABLE', NULL, NULL, 'radio', NULL),
       ('iris.sso.redirect-url', 'iwp', 'SYSTEM', '3', NULL, 'SSO', '2', 'REDIRECT_URL', NULL, NULL, 'input', NULL),
       ('iris.security.iframe-option', 'iwp', 'SYSTEM', '4', NULL, 'IFRAME_OPTION', '1', NULL, NULL, NULL, 'input', NULL),
       ('iris.security.cors.pattern', 'iwp', 'SYSTEM', '5', NULL, 'CORS', '1', 'PATTERN', NULL, NULL, 'input', NULL),
       ('iris.security.cors.allowed-origins', 'iwp', 'SYSTEM', '5', NULL, 'CORS', '2', 'ALLOWED_ORIGINS', NULL, NULL, 'input', NULL),
       ('iris.security.cors.allowed-methods', 'iwp', 'SYSTEM', '5', NULL, 'CORS', '3', 'ALLOWED_METHODS', NULL, NULL, 'input', NULL),
       ('iris.security.cors.allowed-headers', 'iwp', 'SYSTEM', '5', NULL, 'CORS', '4', 'ALLOWED_HEADERS', NULL, NULL, 'input', NULL),
       ('analyzer.map.support-types', 'analyzer', 'GENERAL', '1', NULL, 'MAP', '1', 'SUPPORT_TYPES', NULL, NULL, 'input', NULL),
       ('analyzer.map.setting.center', 'analyzer', 'GENERAL', '1', NULL, 'MAP', '2', 'SETTING', NULL, '1', 'input', 'CENTER'),
       ('analyzer.map.setting.zoom', 'analyzer', 'GENERAL', '1', NULL, 'MAP', '2', 'SETTING', NULL, '2', 'input', 'ZOOM'),
       ('analyzer.map.osm.url', 'analyzer', 'GENERAL', '1', NULL, 'MAP', '3', 'OSM', NULL, NULL, 'input', 'URL'),
       ('analyzer.map.ngii.url', 'analyzer', 'GENERAL', '1', NULL, 'MAP', '4', 'NGII', NULL, NULL, 'input', 'URL'),
       ('studio.analytics.enabled', 'studio', 'GENERAL', '1', NULL, 'ANALYTICS', '1', 'USEABLE', NULL, NULL, 'radio', NULL),
       ('studio.map.support-types', 'studio', 'GENERAL', '2', NULL, 'MAP', '1', 'SUPPORT_TYPES', NULL, NULL, 'input', NULL),
       ('studio.map.setting.center', 'studio', 'GENERAL', '2', NULL, 'MAP', '2', 'SETTING', NULL, '1', 'input', 'CENTER'),
       ('studio.map.setting.zoom', 'studio', 'GENERAL', '2', NULL, 'MAP', '2', 'SETTING', NULL, '2', 'input', 'ZOOM'),
       ('studio.map.osm.url', 'studio', 'GENERAL', '2', NULL, 'MAP', '3', 'OSM', NULL, NULL, 'input', 'URL'),
       ('studio.map.ngii.url', 'studio', 'GENERAL', '2', NULL, 'MAP', '4', 'NGII', NULL, NULL, 'input', 'URL'),
       ('ima.map.map-modules.leaflet.enabled', 'ima', 'GENERAL', '1', NULL, 'MAP_MODULE', '1', 'LEAFLET', NULL, NULL, 'radio', NULL),
       ('ima.map.map-modules.mapbox.enabled', 'ima', 'GENERAL', '1', NULL, 'MAP_MODULE', '2', 'MAPBOX', NULL, NULL, 'radio', NULL),
       ('ima.map.basemap-items.selected', 'ima', 'GENERAL', '2', NULL, 'MAP_BASEMAP', '1', 'SELECTED', NULL, NULL, 'input', NULL),
       ('ima.map.basemap-items.osm.0.name', 'ima', 'GENERAL', '2', NULL, 'MAP_BASEMAP', '2', 'OSM', NULL, '1', 'input', 'NAME'),
       ('ima.map.basemap-items.osm.0.enabled', 'ima', 'GENERAL', '2', NULL, 'MAP_BASEMAP', '2', 'OSM', NULL, '2', 'radio', 'ENABLED'),
       ('ima.map.basemap-items.osm.0.url', 'ima', 'GENERAL', '2', NULL, 'MAP_BASEMAP', '2', 'OSM', NULL, '3', 'input', 'URL'),
       ('ima.map.basemap-items.vworld.0.name', 'ima', 'GENERAL', '2', NULL, 'MAP_BASEMAP', '3', 'VWORLD', NULL, '1', 'input', 'NAME'),
       ('ima.map.basemap-items.vworld.0.enabled', 'ima', 'GENERAL', '2', NULL, 'MAP_BASEMAP', '3', 'VWORLD', NULL, '2', 'radio', 'ENABLED'),
       ('ima.map.basemap-items.vworld.0.url', 'ima', 'GENERAL', '2', NULL, 'MAP_BASEMAP', '3', 'VWORLD', NULL, '3', 'input', 'URL'),
       ('ima.map.basemap-items.vworld.1.name', 'ima', 'GENERAL', '2', NULL, 'MAP_BASEMAP', '4', 'VWORLD', NULL, '1', 'input', 'NAME'),
       ('ima.map.basemap-items.vworld.1.enabled', 'ima', 'GENERAL', '2', NULL, 'MAP_BASEMAP', '4', 'VWORLD', NULL, '2', 'radio', 'ENABLED'),
       ('ima.map.basemap-items.vworld.1.url', 'ima', 'GENERAL', '2', NULL, 'MAP_BASEMAP', '4', 'VWORLD', NULL, '3', 'input', 'URL'),
       ('ima.map.basemap-items.vworld.2.name', 'ima', 'GENERAL', '2', NULL, 'MAP_BASEMAP', '5', 'VWORLD', NULL, '1', 'input', 'NAME'),
       ('ima.map.basemap-items.vworld.2.enabled', 'ima', 'GENERAL', '2', NULL, 'MAP_BASEMAP', '5', 'VWORLD', NULL, '2', 'radio', 'ENABLED'),
       ('ima.map.basemap-items.vworld.2.url', 'ima', 'GENERAL', '2', NULL, 'MAP_BASEMAP', '5', 'VWORLD', NULL, '3', 'input', 'URL'),
       ('ima.map.basemap-items.ngii.0.name', 'ima', 'GENERAL', '2', NULL, 'MAP_BASEMAP', '6', 'NGII', NULL, '1', 'input', 'NAME'),
       ('ima.map.basemap-items.ngii.0.enabled', 'ima', 'GENERAL', '2', NULL, 'MAP_BASEMAP', '6', 'NGII', NULL, '2', 'radio', 'ENABLED'),
       ('ima.map.basemap-items.ngii.0.url', 'ima', 'GENERAL', '2', NULL, 'MAP_BASEMAP', '6', 'NGII', NULL, '3', 'input', 'URL'),
       ('ima.map.basemap-items.ngii.0.options', 'ima', 'GENERAL', '2', NULL, 'MAP_BASEMAP', '6', 'NGII', NULL, '4', 'textarea', 'OPTIONS'),
       ('ima.map.basemap-items.url.enabled', 'ima', 'GENERAL', '2', NULL, 'MAP_BASEMAP', '7', 'URL', NULL, '1', 'radio', 'ENABLED'),
       ('ima.map.basemap-items.url.value', 'ima', 'GENERAL', '2', NULL, 'MAP_BASEMAP', '7', 'URL', NULL, '2', 'input', 'VALUE');

INSERT INTO WAS.WAS_IWP_CONFIG_LOCALIZATION (`TYPE`, `KEY`, `LOCALE`, `NAME`)
VALUES ('SUB_CATEGORY', 'GENERAL', 'ko', '일반 설정'),
       ('SUB_CATEGORY', 'GENERAL', 'en', 'General setting'),
       ('SUB_CATEGORY', 'SYSTEM', 'ko', '시스템 설정'),
       ('SUB_CATEGORY', 'SYSTEM', 'en', 'System setting'),
       ('FIRST_NAME', 'LOCALE', 'ko', '기본 언어'),
       ('FIRST_NAME', 'LOCALE', 'en', 'Locale'),
       ('FIRST_NAME', 'SING_UP', 'ko', '회원가입'),
       ('FIRST_NAME', 'SING_UP', 'en', 'Sign Up'),
       ('FIRST_NAME', 'ANALYTICS', 'ko', 'Google Analytics'),
       ('FIRST_NAME', 'ANALYTICS', 'en', 'Google Analytics'),
       ('FIRST_NAME', 'URL_REDIRECT', 'ko', 'URL Redirect 설정'),
       ('FIRST_NAME', 'URL_REDIRECT', 'en', 'URL Redirect setting'),
       ('FIRST_NAME', 'LOG_OUT', 'ko', '로그아웃'),
       ('FIRST_NAME', 'LOG_OUT', 'en', 'Log out'),
       ('FIRST_NAME', 'ROOT', 'ko', 'Root 계정'),
       ('FIRST_NAME', 'ROOT', 'en', 'Root account'),
       ('SECOND_NAME', 'BRICK', 'ko', 'Brick 주소'),
       ('SECOND_NAME', 'BRICK', 'en', 'Brick URL'),
       ('FIRST_NAME', 'CORS', 'ko', 'CORS 설정'),
       ('FIRST_NAME', 'CORS', 'en', 'CORS settings'),
       ('FIRST_NAME', 'DB_ENCRYPT', 'ko', 'DB 암호화'),
       ('FIRST_NAME', 'DB_ENCRYPT', 'en', 'DB encryption'),
       ('SECOND_NAME', 'DOCKER', 'ko', 'Docker 서비스 주소'),
       ('SECOND_NAME', 'DOCKER', 'en', 'Docker service URL'),
       ('FIRST_NAME', 'SSO', 'ko', 'SSO 설정'),
       ('FIRST_NAME', 'SSO', 'en', 'SSO settings'),
       ('FIRST_NAME', 'PASS_ENCRYPT', 'ko', '비밀번호 암호화'),
       ('FIRST_NAME', 'PASS_ENCRYPT', 'en', 'Password encryption'),
       ('FIRST_NAME', 'USER_INFOR', 'ko', '로그인 사용자 정보'),
       ('FIRST_NAME', 'USER_INFOR', 'en', 'Login user information'),
       ('FIRST_NAME', 'SETTING_BTN', 'ko', '설정 버튼'),
       ('FIRST_NAME', 'SETTING_BTN', 'en', 'Settings button'),
       ('SECOND_NAME', 'ALGORITHM', 'ko', '알고리즘'),
       ('SECOND_NAME', 'ALGORITHM', 'en', 'algorithm'),
       ('SECOND_NAME', 'API_KEY', 'ko', 'API 키 정보'),
       ('SECOND_NAME', 'API_KEY', 'en', 'API key information'),
       ('SECOND_NAME', 'USEABLE', 'ko', '사용여부'),
       ('SECOND_NAME', 'USEABLE', 'en', 'Use or not'),
       ('SECOND_NAME', 'REDIRECT_URL', 'ko', 'Redirect Url'),
       ('SECOND_NAME', 'REDIRECT_URL', 'en', 'Redirect Url'),
       ('SECOND_NAME', 'LOCALE_SELECTION', 'ko', '언어 선택'),
       ('SECOND_NAME', 'LOCALE_SELECTION', 'en', 'Locale selection'),
       ('SECOND_NAME', 'LOGOUT_CLOSE', 'ko', '로그아웃 시, 닫기창 표시'),
       ('SECOND_NAME', 'LOGOUT_CLOSE', 'en', 'On logout, Close window display'),
       ('SECOND_NAME', 'LOGOUT_MOVE', 'ko', '로그아웃 시, 이동 URL'),
       ('SECOND_NAME', 'LOGOUT_MOVE', 'en', 'On logout, go to URL'),
       ('CATEGORY', 'iwp', 'ko', '기본'),
       ('CATEGORY', 'iwp', 'en', '기본'),
       ('CATEGORY', 'ima', 'ko', 'IMA'),
       ('CATEGORY', 'ima', 'en', 'IMA'),
       ('CATEGORY', 'ibp', 'ko', 'IBP'),
       ('CATEGORY', 'ibp', 'en', 'IBP'),
       ('SECOND_NAME', 'ANGORA', 'ko', 'Angora 주소'),
       ('SECOND_NAME', 'ANGORA', 'en', 'Angora URL'),
       ('SECOND_NAME', 'META', 'ko', 'Meta 주소'),
       ('SECOND_NAME', 'META', 'en', 'Meta URL'),
       ('FIRST_NAME', 'SERVER', 'ko', '서버 설정'),
       ('FIRST_NAME', 'SERVER', 'en', 'Server settings'),
       ('FIRST_NAME', 'LICENSE', 'ko', '라이센스'),
       ('FIRST_NAME', 'LICENSE', 'en', 'License'),
       ('SECOND_NAME', 'FORM', 'ko', '대표정보'),
       ('SECOND_NAME', 'FORM', 'en', 'Representative information'),
       ('FIRST_NAME', 'MAP_MODULE', 'ko', '지도 모듈'),
       ('FIRST_NAME', 'MAP_MODULE', 'en', 'Map Module'),
       ('FIRST_NAME', 'MAP_BASEMAP', 'ko', '지도 베이스맵'),
       ('FIRST_NAME', 'MAP_BASEMAP', 'en', 'Map Basemap'),
       ('FIRST_NAME', 'MAP', 'ko', '지도'),
       ('FIRST_NAME', 'MAP', 'en', 'Map'),
       ('SECOND_NAME', 'SELECTED', 'en', 'Default'),
       ('SECOND_NAME', 'SELECTED', 'ko', 'Default'),
       ('SECOND_NAME', 'SUPPORT_TYPES', 'ko', 'Support types'),
       ('SECOND_NAME', 'SUPPORT_TYPES', 'en', 'Support types'),
       ('FIRST_NAME', 'LOGIN_LOCK', 'en', 'Login lock settings'),
       ('SECOND_NAME', 'FAILE_COUNT', 'en', 'Set the number of lock failures'),
       ('SECOND_NAME', 'UNLOCK_TIME', 'en', 'Lock time setting'),
       ('FIRST_NAME', 'LOGIN_LOCK', 'ko', '로그인잠금설정'),
       ('SECOND_NAME', 'FAILE_COUNT', 'ko', '잠금 실패 횟수 설정'),
       ('SECOND_NAME', 'UNLOCK_TIME', 'ko', '잠금시간 설정'),
       ('SECOND_NAME', 'USER_DISPLAY', 'en', 'Representative information'),
       ('SECOND_NAME', 'USER_DISPLAY', 'ko', '대표정보'),
       ('FIRST_NAME', 'IFRAME_OPTION', 'ko', 'Iframe Option'),
       ('FIRST_NAME', 'IFRAME_OPTION', 'en', 'Iframe Option'),
       ('FIRST_NAME', 'API_KEY', 'ko', 'API Key'),
       ('FIRST_NAME', 'API_KEY', 'en', 'API Key');

/**
*   IRIS-Map-Analyzer
*/

INSERT INTO
    WAS.`WAS_COMMON_CODE` (`TYPE`, `VALUE`, `NAME`)
VALUES
    ('ACCESS_RIGHTS_CATEGORY', '001', 'MAP'),
    ('IMAGE_TYPE', '001', 'MAP')
;
